{
  "colony_id": 2,
  "trial_id": 2,
  "ticks": [
    0,
    10,
    20,
    30,
    40,
    50,
    60,
    70,
    80,
    90,
    100,
    110,
    120,
    130,
    140,
    150,
    160,
    170,
    180,
    190,
    200,
    210,
    220,
    230,
    240,
    250,
    260,
    270,
    280,
    290,
    300,
    310,
    320,
    330,
    340,
    350,
    360,
    370,
    380,
    390,
    400,
    410,
    420,
    430,
    440,
    450,
    460,
    470,
    480,
    490,
    500,
    510,
    520,
    530,
    540,
    550,
    560,
    570,
    580,
    590
  ],
  "ants_with_food": [
    100,
    100,
    100,
    100,
    100,
    100,
    100,
    100,
    100,
    100,
    100,
    100,
    100,
    100,
    100,
    100,
    100,
    100,
    100,
    100,
    100,
    100,
    100,
    100,
    100,
    100,
    100,
    100,
    100,
    100,
    100,
    100,
    100,
    100,
    100,
    100,
    100,
    100,
    100,
    100,
    100,
    100,
    100,
    100,
    100,
    100,
    100,
    100,
    100,
    100,
    100,
    100,
    100,
    100,
    100,
    100,
    100,
    100,
    100,
    100
  ],
  "returning_ants": [
    100,
    100,
    100,
    100,
    100,
    100,
    100,
    100,
    100,
    100,
    100,
    100,
    100,
    100,
    100,
    100,
    100,
    100,
    100,
    100,
    100,
    100,
    100,
    100,
    100,
    100,
    100,
    100,
    100,
    100,
    100,
    100,
    100,
    100,
    100,
    100,
    100,
    100,
    100,
    100,
    100,
    100,
    100,
    100,
    100,
    100,
    100,
    100,
    100,
    100,
    100,
    100,
    100,
    100,
    100,
    100,
    100,
    100,
    100,
    100
  ],
  "chemical_level": [
    0.6337478522492526,
    0.6210768456186673,
    0.7156193503014563,
    0.38801723531250565,
    0.4144179882772473,
    0.650832862263345,
    0.001524221856720187,
    0.1923095412446758,
    0.3344016906625016,
    0.23941596018595857,
    0.6373994011293003,
    0.37864807032309444,
    0.8754233917130172,
    0.5681514209101919,
    0.4144063966836443,
    0.40226707511907955,
    0.7018296239336754,
    0.41822655329246605,
    0.6621958889738174,
    0.04677968595679827,
    0.44535218971882984,
    0.25922692344722276,
    0.15768657212231085,
    0.5275731301676146,
    0.48726560106903205,
    0.5614049256144269,
    0.7554847672586825,
    0.8838751542487009,
    0.4945826703752868,
    0.31205824641687296,
    0.46689223535252355,
    0.8090458573603624,
    0.8750163314802711,
    0.8124149323637591,
    0.188001294050828,
    0.9994203594553304,
    0.6330887599183004,
    0.08346705017572931,
    0.7255543554613124,
    0.9868214802051282,
    0.40181682221254356,
    0.6785150052419683,
    0.31617713722134233,
    0.2135246620646961,
    0.7173241433110372,
    0.0023575647193538884,
    0.8227314105314157,
    0.5283459768597928,
    0.09778434180065931,
    0.11890389478474583,
    0.6492654248961536,
    0.8736538239003423,
    0.27998274332687256,
    0.9785151867733981,
    0.10018068906370903,
    0.8539381095973382,
    0.39669617733090445,
    0.08134541676823415,
    0.2747138434192621,
    0.4529781848179143
  ],
  "metrics": {
    "discovery_rate": 1.0,
    "avg_chemical": 0.4933279075151938,
    "max_ants": 100
  }
}