{
  "colony_id": 2,
  "trial_id": 1,
  "ticks": [
    0,
    10,
    20,
    30,
    40,
    50,
    60,
    70,
    80,
    90,
    100,
    110,
    120,
    130,
    140,
    150,
    160,
    170,
    180,
    190,
    200,
    210,
    220,
    230,
    240,
    250,
    260,
    270,
    280,
    290,
    300,
    310,
    320,
    330,
    340,
    350,
    360,
    370,
    380,
    390,
    400,
    410,
    420,
    430,
    440,
    450,
    460,
    470,
    480,
    490,
    500,
    510,
    520,
    530,
    540,
    550,
    560,
    570,
    580,
    590
  ],
  "ants_with_food": [
    100,
    100,
    100,
    100,
    100,
    100,
    100,
    100,
    100,
    100,
    100,
    100,
    100,
    100,
    100,
    100,
    100,
    100,
    100,
    100,
    100,
    100,
    100,
    100,
    100,
    100,
    100,
    100,
    100,
    100,
    100,
    100,
    100,
    100,
    100,
    100,
    100,
    100,
    100,
    100,
    100,
    100,
    100,
    100,
    100,
    100,
    100,
    100,
    100,
    100,
    100,
    100,
    100,
    100,
    100,
    100,
    100,
    100,
    100,
    100
  ],
  "returning_ants": [
    100,
    100,
    100,
    100,
    100,
    100,
    100,
    100,
    100,
    100,
    100,
    100,
    100,
    100,
    100,
    100,
    100,
    100,
    100,
    100,
    100,
    100,
    100,
    100,
    100,
    100,
    100,
    100,
    100,
    100,
    100,
    100,
    100,
    100,
    100,
    100,
    100,
    100,
    100,
    100,
    100,
    100,
    100,
    100,
    100,
    100,
    100,
    100,
    100,
    100,
    100,
    100,
    100,
    100,
    100,
    100,
    100,
    100,
    100,
    100
  ],
  "chemical_level": [
    0.5759529480315407,
    0.3912094093228269,
    0.3701399403351875,
    0.9805166506472687,
    0.036392037611485795,
    0.021636509855024078,
    0.9610312802396112,
    0.18497194139743833,
    0.12389516442443171,
    0.21057650988664645,
    0.8007465903541809,
    0.9369691586445807,
    0.022782575668658378,
    0.42561883196681716,
    0.10150021937416975,
    0.259919889792832,
    0.22082927131631735,
    0.6469257198353225,
    0.3502939673965323,
    0.18031790152968785,
    0.5036365052098872,
    0.03937870708469238,
    0.10092124118896661,
    0.9882351487225011,
    0.19935579046706298,
    0.35855530131160185,
    0.7315983062253606,
    0.8383265651934163,
    0.9184820619953314,
    0.16942460609746768,
    0.6726405635730526,
    0.9665489030431832,
    0.05805094382649867,
    0.6762017842993783,
    0.8454245937016164,
    0.342312541078584,
    0.25068733928511167,
    0.596791393469411,
    0.44231403369907896,
    0.17481948445144113,
    0.47162541509628797,
    0.40990539565755457,
    0.5691127395242802,
    0.5086001300626332,
    0.3114460010002068,
    0.35715168259026286,
    0.837661174368979,
    0.25093266482213705,
    0.560600218853524,
    0.012436318829314397,
    0.7415743774106636,
    0.3359165544734606,
    0.04569649356841665,
    0.28088316421834825,
    0.24013040782635398,
    0.9531293398277989,
    0.35222556151550743,
    0.2878779148564,
    0.35920119725374633,
    0.9469058356578911
  ],
  "metrics": {
    "discovery_rate": 1.0,
    "avg_chemical": 0.44181574864946616,
    "max_ants": 100
  }
}