{
  "colony_id": 1,
  "trial_id": 1,
  "ticks": [
    0,
    10,
    20,
    30,
    40,
    50,
    60,
    70,
    80,
    90,
    100,
    110,
    120,
    130,
    140,
    150,
    160,
    170,
    180,
    190,
    200,
    210,
    220,
    230,
    240,
    250,
    260,
    270,
    280,
    290,
    300,
    310,
    320,
    330,
    340,
    350,
    360,
    370,
    380,
    390,
    400,
    410,
    420,
    430,
    440,
    450,
    460,
    470,
    480,
    490,
    500,
    510,
    520,
    530,
    540,
    550,
    560,
    570,
    580,
    590
  ],
  "ants_with_food": [
    100,
    100,
    100,
    100,
    100,
    100,
    100,
    100,
    100,
    100,
    100,
    100,
    100,
    100,
    100,
    100,
    100,
    100,
    100,
    100,
    100,
    100,
    100,
    100,
    100,
    100,
    100,
    100,
    100,
    100,
    100,
    100,
    100,
    100,
    100,
    100,
    100,
    100,
    100,
    100,
    100,
    100,
    100,
    100,
    100,
    100,
    100,
    100,
    100,
    100,
    100,
    100,
    100,
    100,
    100,
    100,
    100,
    100,
    100,
    100
  ],
  "returning_ants": [
    100,
    100,
    100,
    100,
    100,
    100,
    100,
    100,
    100,
    100,
    100,
    100,
    100,
    100,
    100,
    100,
    100,
    100,
    100,
    100,
    100,
    100,
    100,
    100,
    100,
    100,
    100,
    100,
    100,
    100,
    100,
    100,
    100,
    100,
    100,
    100,
    100,
    100,
    100,
    100,
    100,
    100,
    100,
    100,
    100,
    100,
    100,
    100,
    100,
    100,
    100,
    100,
    100,
    100,
    100,
    100,
    100,
    100,
    100,
    100
  ],
  "chemical_level": [
    0.8444218515250481,
    0.7579544029403025,
    0.420571580830845,
    0.25891675029296335,
    0.5112747213686085,
    0.4049341374504143,
    0.7837985890347726,
    0.30331272607892745,
    0.4765969541523558,
    0.5833820394550312,
    0.9081128851953352,
    0.5046868558173903,
    0.28183784439970383,
    0.7558042041572239,
    0.6183689966753316,
    0.25050634136244054,
    0.9097462559682401,
    0.9827854760376531,
    0.8102172359965896,
    0.9021659504395827,
    0.3101475693193326,
    0.7298317482601286,
    0.8988382879679935,
    0.6839839319154413,
    0.47214271545271336,
    0.1007012080683658,
    0.4341718354537837,
    0.6108869734438016,
    0.9130110532378982,
    0.9666063677707588,
    0.47700977655271704,
    0.8653099277716401,
    0.2604923103919594,
    0.8050278270130223,
    0.5486993038355893,
    0.014041700164018955,
    0.7197046864039541,
    0.39882354222426875,
    0.824844977148233,
    0.6681532012318508,
    0.0011428193144282783,
    0.49357786646532464,
    0.8676027754927809,
    0.24391087688713198,
    0.32520436274739006,
    0.8704712321086546,
    0.19106709150239054,
    0.5675107406206719,
    0.23861592861522019,
    0.9675402502901433,
    0.80317946927987,
    0.44796957143557037,
    0.08044581855253541,
    0.32005460467254576,
    0.5079406425205739,
    0.9328338242269067,
    0.10905784593110368,
    0.5512672460905512,
    0.7065614098668896,
    0.5474409113284238
  ],
  "metrics": {
    "discovery_rate": 1.0,
    "avg_chemical": 0.5624203338459224,
    "max_ants": 100
  }
}