{
  "colony_id": 1,
  "trial_id": 2,
  "ticks": [
    0,
    10,
    20,
    30,
    40,
    50,
    60,
    70,
    80,
    90,
    100,
    110,
    120,
    130,
    140,
    150,
    160,
    170,
    180,
    190,
    200,
    210,
    220,
    230,
    240,
    250,
    260,
    270,
    280,
    290,
    300,
    310,
    320,
    330,
    340,
    350,
    360,
    370,
    380,
    390,
    400,
    410,
    420,
    430,
    440,
    450,
    460,
    470,
    480,
    490,
    500,
    510,
    520,
    530,
    540,
    550,
    560,
    570,
    580,
    590
  ],
  "ants_with_food": [
    100,
    100,
    100,
    100,
    100,
    100,
    100,
    100,
    100,
    100,
    100,
    100,
    100,
    100,
    100,
    100,
    100,
    100,
    100,
    100,
    100,
    100,
    100,
    100,
    100,
    100,
    100,
    100,
    100,
    100,
    100,
    100,
    100,
    100,
    100,
    100,
    100,
    100,
    100,
    100,
    100,
    100,
    100,
    100,
    100,
    100,
    100,
    100,
    100,
    100,
    100,
    100,
    100,
    100,
    100,
    100,
    100,
    100,
    100,
    100
  ],
  "returning_ants": [
    100,
    100,
    100,
    100,
    100,
    100,
    100,
    100,
    100,
    100,
    100,
    100,
    100,
    100,
    100,
    100,
    100,
    100,
    100,
    100,
    100,
    100,
    100,
    100,
    100,
    100,
    100,
    100,
    100,
    100,
    100,
    100,
    100,
    100,
    100,
    100,
    100,
    100,
    100,
    100,
    100,
    100,
    100,
    100,
    100,
    100,
    100,
    100,
    100,
    100,
    100,
    100,
    100,
    100,
    100,
    100,
    100,
    100,
    100,
    100
  ],
  "chemical_level": [
    0.814466863291336,
    0.540283606970324,
    0.9638385459738009,
    0.603185627961383,
    0.5876170641754364,
    0.4449890262755162,
    0.5962868615831063,
    0.38490114597266045,
    0.5756510141648885,
    0.290329502402758,
    0.18939132855435614,
    0.1867295282555551,
    0.6127731798686067,
    0.6566593889896288,
    0.47653099200938076,
    0.08982436119559367,
    0.7576039219664368,
    0.8767703708227748,
    0.9233810159462806,
    0.8424602231401824,
    0.898173121357879,
    0.9230824398201768,
    0.5405999249480544,
    0.3912960502346249,
    0.7052833998544062,
    0.27563412131212717,
    0.8116287085078785,
    0.8494859651863671,
    0.8950389674266752,
    0.5898011835311598,
    0.9497648732321206,
    0.5796950107456059,
    0.4505631066311552,
    0.660245378622389,
    0.9962578393535727,
    0.9169412179474561,
    0.7933250841302242,
    0.0823729881966474,
    0.6127831050407122,
    0.4864442019691668,
    0.6301473404114728,
    0.8450775756715152,
    0.24303562206185625,
    0.7314892207908478,
    0.11713429320851798,
    0.22046053686782852,
    0.7945829717105759,
    0.33253614921965546,
    0.8159130965336595,
    0.1006075202160962,
    0.14635848891230385,
    0.6976706401912388,
    0.04523406786561235,
    0.5738660367891669,
    0.9100160146990397,
    0.534197968260724,
    0.6805891325622565,
    0.026696794662205203,
    0.6349999099114583,
    0.6063384177542189
  ],
  "metrics": {
    "discovery_rate": 1.0,
    "avg_chemical": 0.5751507009311442,
    "max_ants": 100
  }
}